Column1,Column2,Column3,Column4,Column5,Column6
#,HZ,S,RI,R,50
200000000,-0.12707893550395966,-0.04712500423192978,-0.9447792768478394,0.3376983404159546,0
201000000,-0.12847085297107697,-0.04626147449016571,-0.9392022490501404,0.35411185026168823,0
202000000,-0.12964919209480286,-0.04536699503660202,-0.9330084919929504,0.3703814148902893,0
203000000,-0.13101211190223694,-0.04431934282183647,-0.926035463809967,0.38651368021965027,0
204000000,-0.1321747899055481,-0.04320497810840607,-0.920087993144989,0.4028426706790924,0
205000000,-0.1334482729434967,-0.042262159287929535,-0.9132340550422668,0.4182698726654053,0
206000000,-0.1345839649438858,-0.04107395187020302,-0.9057282209396362,0.4343651235103607,0
207000000,-0.1357874721288681,-0.03984154015779495,-0.8978388905525208,0.4499147832393646,0
208000000,-0.13689403235912323,-0.03861529380083084,-0.8904550671577454,0.4663398563861847,0
209000000,-0.1380234956741333,-0.03733856603503227,-0.8827028870582581,0.4816429615020752,0
210000000,-0.1392650604248047,-0.036019716411828995,-0.8744621872901917,0.4969979524612427,0
211000000,-0.1402403861284256,-0.034772925078868866,-0.8659166097640991,0.5118922591209412,0
212000000,-0.14129318296909332,-0.0334458127617836,-0.857029378414154,0.5273667573928833,0
213000000,-0.14209425449371338,-0.03198039159178734,-0.8480650186538696,0.5420246720314026,0
214000000,-0.14295290410518646,-0.030568864196538925,-0.8387272953987122,0.5567779541015625,0
215000000,-0.14398407936096191,-0.029069995507597923,-0.8291985988616943,0.5715714693069458,0
216000000,-0.1447898894548416,-0.0275611262768507,-0.8196861147880554,0.5859485864639282,0
217000000,-0.14564315974712372,-0.02600134164094925,-0.8096504211425781,0.6004442572593689,0
218000000,-0.1462978720664978,-0.024536646902561188,-0.7992110848426819,0.614430844783783,0
219000000,-0.1471112221479416,-0.022990664467215538,-0.7888426184654236,0.6279707551002502,0
220000000,-0.14773699641227722,-0.021197881549596786,-0.7778719067573547,0.641855001449585,0
221000000,-0.14837822318077087,-0.019533243030309677,-0.767095148563385,0.6561697721481323,0
222000000,-0.14909732341766357,-0.01785331964492798,-0.7557563781738281,0.669630229473114,0
223000000,-0.1495232880115509,-0.016292978078126907,-0.7444419264793396,0.6822645664215088,0
224000000,-0.15028800070285797,-0.01438163686543703,-0.7326708436012268,0.6956561803817749,0
225000000,-0.15052346885204315,-0.012808753177523613,-0.7200914621353149,0.7082594037055969,0
226000000,-0.15100128948688507,-0.011024298146367073,-0.7084000706672668,0.7208548188209534,0
227000000,-0.15131954848766327,-0.009178584441542625,-0.6963372230529785,0.7337085604667664,0
228000000,-0.15172556042671204,-0.007385367527604103,-0.6833948493003845,0.7458078861236572,0
229000000,-0.15195846557617188,-0.005576120689511299,-0.6709124445915222,0.7581688165664673,0
230000000,-0.1521536260843277,-0.0036979932337999344,-0.6570650935173035,0.7695434093475342,0
231000000,-0.1522873044013977,-0.0019714338704943657,-0.6442362666130066,0.7810195684432983,0
232000000,-0.15240593254566193,-3.1490810215473175e-05,-0.6309874653816223,0.7930565476417542,0
233000000,-0.15233878791332245,0.001960352063179016,-0.6170833110809326,0.8044135570526123,0
234000000,-0.1525258868932724,0.0036719534546136856,-0.6035594344139099,0.8150546550750732,0
235000000,-0.1523708999156952,0.005504569038748741,-0.5887819528579712,0.825446605682373,0
236000000,-0.152335524559021,0.007459978573024273,-0.5748668909072876,0.8366414904594421,0
237000000,-0.15214912593364716,0.00936536118388176,-0.5607579946517944,0.846503734588623,0
238000000,-0.1519239991903305,0.011101361364126205,-0.5455605983734131,0.856307864189148,0
239000000,-0.15174229443073273,0.01311320811510086,-0.5312134027481079,0.8665511012077332,0
240000000,-0.15128882229328156,0.01504270639270544,-0.5170941352844238,0.876247763633728,0
241000000,-0.1510196030139923,0.016855627298355103,-0.5012274384498596,0.8849814534187317,0
242000000,-0.15055373311042786,0.018697114661335945,-0.48584285378456116,0.8941301703453064,0
243000000,-0.1500343531370163,0.02066943049430847,-0.4696774482727051,0.9028306603431702,0
244000000,-0.1494806408882141,0.02240598574280739,-0.45462167263031006,0.9111120700836182,0
245000000,-0.14893236756324768,0.024333899840712547,-0.43889182806015015,0.9196820259094238,0
246000000,-0.14827463030815125,0.026093244552612305,-0.4220699071884155,0.9273053407669067,0
247000000,-0.14762549102306366,0.027825573459267616,-0.40694311261177063,0.9350855350494385,0
248000000,-0.14678415656089783,0.029841655865311623,-0.3901546895503998,0.9425704479217529,0
249000000,-0.1460670828819275,0.03151939436793327,-0.373853474855423,0.9498714804649353,0
250000000,-0.14500018954277039,0.033213675022125244,-0.35703572630882263,0.9562745690345764,0
251000000,-0.14428673684597015,0.035001032054424286,-0.3408690392971039,0.9630609154701233,0
252000000,-0.14327126741409302,0.03673143312335014,-0.3242141604423523,0.9690224528312683,0
253000000,-0.14216750860214233,0.03845928981900215,-0.3066641688346863,0.9750625491142273,0
254000000,-0.14109067618846893,0.04014567285776138,-0.29002609848976135,0.980846643447876,0
255000000,-0.14009340107440948,0.041833456605672836,-0.2730151414871216,0.9864532351493835,0
256000000,-0.13880766928195953,0.043465957045555115,-0.25618627667427063,0.9912106394767761,0
257000000,-0.1377178430557251,0.04500878229737282,-0.23868566751480103,0.9965667724609375,0
258000000,-0.13642074167728424,0.04654872417449951,-0.22105994820594788,1.0006637573242188,0
259000000,-0.13511201739311218,0.04807230830192566,-0.20337790250778198,1.0049433708190918,0
260000000,-0.13375364243984222,0.0495823509991169,-0.18538758158683777,1.008593201637268,0
261000000,-0.13237756490707397,0.051003314554691315,-0.1683826446533203,1.0118234157562256,0
262000000,-0.13099552690982819,0.052428338676691055,-0.150560662150383,1.0154473781585693,0
263000000,-0.1295987367630005,0.053912244737148285,-0.132319837808609,1.0185613632202148,0
264000000,-0.12804505228996277,0.05516762286424637,-0.11460693925619125,1.020842432975769,0
265000000,-0.12652429938316345,0.056169185787439346,-0.0970684140920639,1.0231294631958008,0
266000000,-0.12484201788902283,0.05777876824140549,-0.07874971628189087,1.025750756263733,0
267000000,-0.12327928096055984,0.058754321187734604,-0.06089140102267265,1.0267293453216553,0
268000000,-0.1216314509510994,0.060165029019117355,-0.042229052633047104,1.0282825231552124,0
269000000,-0.12002960592508316,0.06106458604335785,-0.024135060608386993,1.0290827751159668,0
270000000,-0.11834944039583206,0.06228500232100487,-0.006269147619605064,1.0300174951553345,0
271000000,-0.1165909692645073,0.06330767273902893,0.011867311783134937,1.0303903818130493,0
272000000,-0.11476112902164459,0.06428360939025879,0.030180472880601883,1.0304365158081055,0
273000000,-0.11291896551847458,0.06521464884281158,0.04860306158661842,1.029552698135376,0
274000000,-0.11126022785902023,0.06604409962892532,0.06632540374994278,1.0296863317489624,0
275000000,-0.10931510478258133,0.06692292541265488,0.08412465453147888,1.0289443731307983,0
276000000,-0.10741907358169556,0.06764476746320724,0.10204336047172546,1.0273337364196777,0
277000000,-0.10563571006059647,0.06840658187866211,0.12048539519309998,1.0266469717025757,0
278000000,-0.10352553427219391,0.06913243979215622,0.13947336375713348,1.0241564512252808,0
279000000,-0.10170150548219681,0.0696752518415451,0.1565714031457901,1.022053837776184,0
280000000,-0.09982503950595856,0.07028702646493912,0.1754346340894699,1.019670009613037,0
281000000,-0.09785216301679611,0.07090077549219131,0.19334939122200012,1.0168521404266357,0
282000000,-0.0958663821220398,0.0713941752910614,0.21189579367637634,1.0133589506149292,0
283000000,-0.09382475167512894,0.07168997079133987,0.22922267019748688,1.0099347829818726,0
284000000,-0.0919032171368599,0.07211684435606003,0.24739748239517212,1.0062402486801147,0
285000000,-0.08991701155900955,0.07252325862646103,0.26487693190574646,1.0020923614501953,0
286000000,-0.08776312321424484,0.07276124507188797,0.28327736258506775,0.9975113868713379,0
287000000,-0.08580642938613892,0.07291550934314728,0.3010964095592499,0.9927895665168762,0
288000000,-0.08377338200807571,0.07299376279115677,0.31886470317840576,0.9880574941635132,0
289000000,-0.08173404633998871,0.07328051328659058,0.3361164927482605,0.9821123480796814,0
290000000,-0.07982226461172104,0.07324489206075668,0.35377243161201477,0.9762625098228455,0
291000000,-0.07772693037986755,0.07330948114395142,0.3708138167858124,0.970572292804718,0
292000000,-0.07566603273153305,0.07311085611581802,0.3879149854183197,0.9641335606575012,0
293000000,-0.07358882576227188,0.0730193555355072,0.4050692319869995,0.9572216272354126,0
294000000,-0.07147326320409775,0.0728902518749237,0.4228338301181793,0.9501563310623169,0
295000000,-0.06966092437505722,0.0727604478597641,0.43944212794303894,0.9432625770568848,0
296000000,-0.06759245693683624,0.07257821410894394,0.45586907863616943,0.9358431696891785,0
297000000,-0.06557868421077728,0.07209192216396332,0.47265490889549255,0.9275669455528259,0
298000000,-0.06368742138147354,0.07174956798553467,0.4892854690551758,0.9198115468025208,0
299000000,-0.06179244443774223,0.07122611999511719,0.5050137042999268,0.9114699363708496,0
300000000,-0.059746310114860535,0.07097179442644119,0.5214490294456482,0.9021722078323364,0
301000000,-0.05774465948343277,0.07049774378538132,0.5381279587745667,0.8925884366035461,0
302000000,-0.05578509345650673,0.06989035755395889,0.5539027452468872,0.8836520314216614,0
303000000,-0.05389861762523651,0.06928925961256027,0.569531261920929,0.8743383288383484,0
304000000,-0.05204622074961662,0.06873524188995361,0.5857241153717041,0.8641549348831177,0
305000000,-0.05020878091454506,0.06789400428533554,0.6005311012268066,0.8539883494377136,0
306000000,-0.048430416733026505,0.06724484264850616,0.6160117387771606,0.8435053825378418,0
307000000,-0.04649024456739426,0.0664927214384079,0.6308121085166931,0.8329666256904602,0
308000000,-0.044756196439266205,0.06555083394050598,0.646034836769104,0.821692705154419,0
309000000,-0.04309923201799393,0.06472107768058777,0.6605851650238037,0.810249388217926,0
310000000,-0.04133661836385727,0.06376029551029205,0.674709141254425,0.7995058298110962,0
311000000,-0.03951486200094223,0.06281285732984543,0.689256489276886,0.7872046828269958,0
312000000,-0.03779187798500061,0.0619143582880497,0.7046217918395996,0.7750036120414734,0
313000000,-0.03614998608827591,0.0607147254049778,0.7168462872505188,0.7623695731163025,0
314000000,-0.034618016332387924,0.05975457280874252,0.730631411075592,0.7501606941223145,0
315000000,-0.0329647921025753,0.05882852524518967,0.7443514466285706,0.7372384071350098,0
316000000,-0.031373415142297745,0.05757543817162514,0.7576935887336731,0.7237880825996399,0
317000000,-0.02986738458275795,0.05646262317895889,0.7705368995666504,0.710673987865448,0
318000000,-0.02839750051498413,0.05519115924835205,0.7828910946846008,0.6975711584091187,0
319000000,-0.02691826969385147,0.05400201305747032,0.7957013249397278,0.683327853679657,0
320000000,-0.02546694502234459,0.05260337144136429,0.8076872229576111,0.6693633198738098,0
321000000,-0.024098625406622887,0.05145653337240219,0.8199946880340576,0.6546807289123535,0
322000000,-0.022708747535943985,0.05008861795067787,0.8311497569084167,0.6412096619606018,0
323000000,-0.02143980748951435,0.04873579740524292,0.8432201743125916,0.6260133981704712,0
324000000,-0.02006228268146515,0.047366801649332047,0.8540302515029907,0.6110917925834656,0
325000000,-0.018882647156715393,0.045948974788188934,0.8652878403663635,0.5957091450691223,0
326000000,-0.017642688006162643,0.04443160817027092,0.8756157755851746,0.5804791450500488,0
327000000,-0.01633223332464695,0.04303320124745369,0.8858541250228882,0.5652512907981873,0
328000000,-0.01522220578044653,0.04163288325071335,0.896722674369812,0.5495789051055908,0
329000000,-0.014219234697520733,0.04014793783426285,0.9063591361045837,0.5339797735214233,0
330000000,-0.013088680803775787,0.03870809078216553,0.9161630868911743,0.5180397033691406,0
331000000,-0.012068089097738266,0.0372205525636673,0.9254347085952759,0.5003919005393982,0
332000000,-0.011002276092767715,0.035660985857248306,0.9343384504318237,0.4851670265197754,0
333000000,-0.009997827000916004,0.03394373133778572,0.942192018032074,0.46916061639785767,0
334000000,-0.00908389501273632,0.032388992607593536,0.9511741399765015,0.4521619379520416,0
335000000,-0.008185439743101597,0.030852552503347397,0.9594569206237793,0.43453317880630493,0
336000000,-0.007338815368711948,0.029292812570929527,0.9671019315719604,0.4183228313922882,0
337000000,-0.006517897360026836,0.02768152952194214,0.9745467305183411,0.4009226858615875,0
338000000,-0.0057394783943891525,0.026088107377290726,0.9822297692298889,0.3834783434867859,0
339000000,-0.005011578090488911,0.02438320592045784,0.9887530207633972,0.36639970541000366,0
340000000,-0.004269201308488846,0.022863367572426796,0.9956323504447937,0.3490161895751953,0
341000000,-0.0035562580451369286,0.021186476573348045,1.0011863708496094,0.33098873496055603,0
342000000,-0.002936994656920433,0.019483309239149094,1.0081771612167358,0.313246488571167,0
343000000,-0.002299276180565357,0.017902782186865807,1.0134299993515015,0.29640910029411316,0
344000000,-0.0017322925850749016,0.01621691882610321,1.019128680229187,0.27788251638412476,0
345000000,-0.001283884048461914,0.014567051082849503,1.0234425067901611,0.25910842418670654,0
346000000,-0.0006631193682551384,0.012923384085297585,1.0286939144134521,0.24155263602733612,0
347000000,-0.00021515507251024246,0.01130947470664978,1.0331768989562988,0.22292739152908325,0
348000000,0.00012862123548984528,0.009508765302598476,1.0370296239852905,0.2042102962732315,0
349000000,0.0005130572244524956,0.007926269434392452,1.040643334388733,0.1864188015460968,0
350000000,0.0008318042382597923,0.006349449045956135,1.0440645217895508,0.1675506830215454,0
351000000,0.0012223394587635994,0.004582555033266544,1.0468270778656006,0.1500120609998703,0
352000000,0.0015033846721053123,0.003076464869081974,1.0497663021087646,0.1309572160243988,0
353000000,0.0018306421115994453,0.0013835690915584564,1.0522880554199219,0.1119251698255539,0
354000000,0.001959623768925667,-0.0003427332267165184,1.0539551973342896,0.09368853271007538,0
355000000,0.00218852236866951,-0.001971856690943241,1.056357502937317,0.07462326437234879,0
356000000,0.0022516967728734016,-0.003503497689962387,1.0575145483016968,0.05542762577533722,0
357000000,0.0024658450856804848,-0.005208898335695267,1.0588661432266235,0.03745342418551445,0
358000000,0.0026070410385727882,-0.006812218576669693,1.0590448379516602,0.018273787572979927,0
359000000,0.0025392482057213783,-0.00840731617063284,1.0594711303710938,-0.0006388062611222267,0
360000000,0.002671530470252037,-0.010096135549247265,1.0597851276397705,-0.02003083936870098,0
361000000,0.002637472003698349,-0.011783299036324024,1.0594431161880493,-0.038351621478796005,0
362000000,0.002815322019159794,-0.013230948708951473,1.0588678121566772,-0.056444667279720306,0
363000000,0.0026275217533111572,-0.014845599420368671,1.0577502250671387,-0.07631716877222061,0
364000000,0.0027459682896733284,-0.016544543206691742,1.0565376281738281,-0.09465377032756805,0
365000000,0.002590334042906761,-0.018190115690231323,1.0551612377166748,-0.1130274310708046,0
366000000,0.002610541880130768,-0.01971540041267872,1.0530815124511719,-0.13213595747947693,0
367000000,0.002348468638956547,-0.021357759833335876,1.0505648851394653,-0.1511695683002472,0
368000000,0.0022942349314689636,-0.022988293319940567,1.0481289625167847,-0.16944295167922974,0
369000000,0.0021207332611083984,-0.024420978501439095,1.04489004611969,-0.1885242462158203,0
370000000,0.0020205723121762276,-0.02603493630886078,1.041730523109436,-0.20663104951381683,0
371000000,0.0017679305747151375,-0.027626991271972656,1.0386959314346313,-0.22512400150299072,0
372000000,0.001647820696234703,-0.029080061241984367,1.0347259044647217,-0.243859201669693,0
373000000,0.001231735572218895,-0.030537858605384827,1.029547929763794,-0.2627299427986145,0
374000000,0.0010682782158255577,-0.03215240687131882,1.025043249130249,-0.2801494896411896,0
375000000,0.0008197752758860588,-0.0336732380092144,1.019851565361023,-0.2986806631088257,0
376000000,0.00048345141112804413,-0.035137176513671875,1.0150337219238281,-0.31765294075012207,0
377000000,0.00023305974900722504,-0.0367213673889637,1.0096930265426636,-0.33477509021759033,0
378000000,-0.00011340249329805374,-0.03817911818623543,1.0040048360824585,-0.3527151346206665,0
379000000,-0.0004669269546866417,-0.0397917777299881,0.9979137182235718,-0.37059810757637024,0
380000000,-0.0008912282064557076,-0.04115857928991318,0.9905208945274353,-0.3884473741054535,0
381000000,-0.0012913309037685394,-0.042567238211631775,0.9844365119934082,-0.4063284397125244,0
382000000,-0.001749018207192421,-0.044108662754297256,0.9765844345092773,-0.423904150724411,0
383000000,-0.00222771055996418,-0.04564112424850464,0.9690766334533691,-0.44098135828971863,0
384000000,-0.0027047554031014442,-0.047041602432727814,0.9613084197044373,-0.4573524296283722,0
385000000,-0.0030760178342461586,-0.048423297703266144,0.9527245163917542,-0.47514262795448303,0
386000000,-0.0034785866737365723,-0.049883898347616196,0.9449465274810791,-0.491904616355896,0
387000000,-0.0041139815002679825,-0.05136141553521156,0.9348545074462891,-0.5090623497962952,0
388000000,-0.004491832107305527,-0.05280649662017822,0.926975429058075,-0.5253773331642151,0
389000000,-0.005108887329697609,-0.05431689694523811,0.9179808497428894,-0.541387140750885,0
390000000,-0.0056995972990989685,-0.05567562207579613,0.907430112361908,-0.5579902529716492,0
391000000,-0.0063719674944877625,-0.057147905230522156,0.8983199000358582,-0.5740684866905212,0
392000000,-0.0069226231426000595,-0.058387745171785355,0.8873937129974365,-0.5904536247253418,0
393000000,-0.007565404288470745,-0.05987431854009628,0.8767067193984985,-0.6064600348472595,0
394000000,-0.008295397274196148,-0.06118837371468544,0.8666206002235413,-0.6220928430557251,0
395000000,-0.008836735971271992,-0.06260588765144348,0.8557806015014648,-0.6364597678184509,0
396000000,-0.009580363519489765,-0.06389088928699493,0.8438501954078674,-0.6526784896850586,0
397000000,-0.010342507623136044,-0.06537310034036636,0.8326333165168762,-0.6672022342681885,0
398000000,-0.010981710627675056,-0.0666317269206047,0.8205995559692383,-0.682030975818634,0
399000000,-0.011765054427087307,-0.06798911839723587,0.8084307909011841,-0.6962143778800964,0
400000000,-0.012559578754007816,-0.06941230595111847,0.7959488034248352,-0.7110170125961304,0
