f_res,max_power_dBm
3000,-5.40E+01
3002,-5.41E+01
3004,-5.40E+01
3006,-5.39E+01
3008,-5.38E+01
3010,-5.40E+01
3012,-5.41E+01
3014,-5.40E+01
3016,-5.40E+01
3018,-5.38E+01
3020,-5.37E+01
3022,-5.37E+01
3024,-5.38E+01
3026,-5.36E+01
3028,-5.34E+01
3030,-5.33E+01
3032,-5.32E+01
3034,-5.32E+01
3036,-5.32E+01
3038,-5.30E+01
3040,-5.28E+01
3042,-5.30E+01
3044,-5.28E+01
3046,-5.27E+01
3048,-5.28E+01
3050,-5.27E+01
3052,-5.26E+01
3054,-5.25E+01
3056,-5.25E+01
3058,-5.24E+01
3060,-5.22E+01
3062,-5.21E+01
3064,-5.20E+01
3066,-5.20E+01
3068,-5.20E+01
3070,-5.19E+01
3072,-5.16E+01
3074,-5.15E+01
3076,-5.16E+01
3078,-5.14E+01
3080,-5.13E+01
3082,-5.17E+01
3084,-5.13E+01
3086,-5.14E+01
3088,-5.12E+01
3090,-5.12E+01
3092,-5.12E+01
3094,-5.13E+01
3096,-5.11E+01
3098,-5.12E+01
3100,-5.13E+01
3102,-5.11E+01
3104,-5.11E+01
3106,-5.14E+01
3108,-5.13E+01
3110,-5.13E+01
3112,-5.16E+01
3114,-5.15E+01
3116,-5.17E+01
3118,-5.15E+01
3120,-5.17E+01
3122,-5.19E+01
3124,-5.18E+01
3126,-5.20E+01
3128,-5.20E+01
3130,-5.21E+01
3132,-5.20E+01
3134,-5.24E+01
3136,-5.24E+01
3138,-5.24E+01
3140,-5.25E+01
3142,-5.25E+01
3144,-5.26E+01
3146,-5.26E+01
3148,-5.26E+01
3150,-5.27E+01
3152,-5.28E+01
3154,-5.29E+01
3156,-5.27E+01
3158,-5.29E+01
3160,-5.28E+01
3162,-5.30E+01
3164,-5.30E+01
3166,-5.27E+01
3168,-5.28E+01
3170,-5.26E+01
3172,-5.24E+01
3174,-5.22E+01
3176,-5.23E+01
3178,-5.22E+01
3180,-5.20E+01
3182,-5.20E+01
3184,-5.18E+01
3186,-5.15E+01
3188,-5.15E+01
3190,-5.16E+01
3192,-5.13E+01
3194,-5.12E+01
3196,-5.10E+01
3198,-5.10E+01
3200,-5.09E+01
3202,-5.15E+01
3204,-5.15E+01
3206,-5.16E+01
3208,-5.14E+01
3210,-5.14E+01
3212,-5.15E+01
3214,-5.15E+01
3216,-5.18E+01
3218,-5.17E+01
3220,-5.20E+01
3222,-5.21E+01
3224,-5.21E+01
3226,-5.23E+01
3228,-5.23E+01
3230,-5.24E+01
3232,-5.26E+01
3234,-5.29E+01
3236,-5.29E+01
3238,-5.31E+01
3240,-5.31E+01
3242,-5.32E+01
3244,-5.35E+01
3246,-5.34E+01
3248,-5.35E+01
3250,-5.36E+01
3252,-5.36E+01
3254,-5.37E+01
3256,-5.36E+01
3258,-5.36E+01
3260,-5.36E+01
3262,-5.35E+01
3264,-5.36E+01
3266,-5.33E+01
3268,-5.33E+01
3270,-5.31E+01
3272,-5.34E+01
3274,-5.31E+01
3276,-5.30E+01
3278,-5.30E+01
3280,-5.25E+01
3282,-5.27E+01
3284,-5.26E+01
3286,-5.25E+01
3288,-5.23E+01
3290,-5.24E+01
3292,-5.20E+01
3294,-5.21E+01
3296,-5.20E+01
3298,-5.21E+01
3300,-5.20E+01
3302,-5.18E+01
3304,-5.18E+01
3306,-5.18E+01
3308,-5.16E+01
3310,-5.16E+01
3312,-5.16E+01
3314,-5.16E+01
3316,-5.17E+01
3318,-5.16E+01
3320,-5.15E+01
3322,-5.15E+01
3324,-5.16E+01
3326,-5.16E+01
3328,-5.17E+01
3330,-5.16E+01
3332,-5.18E+01
3334,-5.18E+01
3336,-5.18E+01
3338,-5.19E+01
3340,-5.18E+01
3342,-5.20E+01
3344,-5.21E+01
3346,-5.19E+01
3348,-5.20E+01
3350,-5.21E+01
3352,-5.19E+01
3354,-5.21E+01
3356,-5.22E+01
3358,-5.20E+01
3360,-5.21E+01
3362,-5.20E+01
3364,-5.20E+01
3366,-5.21E+01
3368,-5.19E+01
3370,-5.19E+01
3372,-5.19E+01
3374,-5.18E+01
3376,-5.18E+01
3378,-5.19E+01
3380,-5.19E+01
3382,-5.20E+01
3384,-5.17E+01
3386,-5.18E+01
3388,-5.17E+01
3390,-5.17E+01
3392,-5.17E+01
3394,-5.16E+01
3396,-5.18E+01
3398,-5.16E+01
3400,-5.16E+01
3402,-5.15E+01
3404,-5.18E+01
3406,-5.15E+01
3408,-5.16E+01
3410,-5.14E+01
3412,-5.15E+01
3414,-5.13E+01
3416,-5.12E+01
3418,-5.13E+01
3420,-5.11E+01
3422,-5.11E+01
3424,-5.12E+01
3426,-5.10E+01
3428,-5.11E+01
3430,-5.10E+01
3432,-5.09E+01
3434,-5.09E+01
3436,-5.09E+01
3438,-5.11E+01
3440,-5.10E+01
3442,-5.12E+01
3444,-5.11E+01
3446,-5.11E+01
3448,-5.10E+01
3450,-5.12E+01
3452,-5.13E+01
3454,-5.13E+01
3456,-5.12E+01
3458,-5.15E+01
3460,-5.15E+01
3462,-5.15E+01
3464,-5.17E+01
3466,-5.17E+01
3468,-5.17E+01
3470,-5.17E+01
3472,-5.19E+01
3474,-5.18E+01
3476,-5.19E+01
3478,-5.21E+01
3480,-5.19E+01
3482,-5.20E+01
3484,-5.21E+01
3486,-5.22E+01
3488,-5.20E+01
3490,-5.21E+01
3492,-5.20E+01
3494,-5.19E+01
3496,-5.19E+01
3498,-5.19E+01
3500,-5.21E+01
3502,-5.17E+01
3504,-5.18E+01
3506,-5.14E+01
3508,-5.14E+01
3510,-5.14E+01
3512,-5.14E+01
3514,-5.12E+01
3516,-5.12E+01
3518,-5.11E+01
3520,-5.09E+01
3522,-5.10E+01
3524,-5.08E+01
3526,-5.08E+01
3528,-5.08E+01
3530,-5.09E+01
3532,-5.08E+01
3534,-5.08E+01
3536,-5.07E+01
3538,-5.06E+01
3540,-5.09E+01
3542,-5.09E+01
3544,-5.09E+01
3546,-5.09E+01
3548,-5.11E+01
3550,-5.09E+01
3552,-5.09E+01
3554,-5.11E+01
3556,-5.12E+01
3558,-5.11E+01
3560,-5.11E+01
3562,-5.12E+01
3564,-5.10E+01
3566,-5.11E+01
3568,-5.13E+01
3570,-5.14E+01
3572,-5.13E+01
3574,-5.15E+01
3576,-5.14E+01
3578,-5.15E+01
3580,-5.13E+01
3582,-5.13E+01
3584,-5.14E+01
3586,-5.13E+01
3588,-5.11E+01
3590,-5.12E+01
3592,-5.13E+01
3594,-5.11E+01
3596,-5.10E+01
3598,-5.09E+01
3600,-5.09E+01
3602,-5.07E+01
3604,-5.05E+01
3606,-5.07E+01
3608,-5.05E+01
3610,-5.04E+01
3612,-5.04E+01
3614,-5.03E+01
3616,-5.01E+01
3618,-5.04E+01
3620,-5.03E+01
3622,-5.02E+01
3624,-5.01E+01
3626,-5.02E+01
3628,-5.01E+01
3630,-5.02E+01
3632,-5.02E+01
3634,-5.04E+01
3636,-5.03E+01
3638,-5.05E+01
3640,-5.05E+01
3642,-5.06E+01
3644,-5.05E+01
3646,-5.07E+01
3648,-5.06E+01
3650,-5.08E+01
3652,-5.07E+01
3654,-5.07E+01
3656,-5.07E+01
3658,-5.08E+01
3660,-5.08E+01
3662,-5.09E+01
3664,-5.08E+01
3666,-5.09E+01
3668,-5.09E+01
3670,-5.09E+01
3672,-5.08E+01
3674,-5.08E+01
3676,-5.09E+01
3678,-5.09E+01
3680,-5.10E+01
3682,-5.09E+01
3684,-5.09E+01
3686,-5.08E+01
3688,-5.06E+01
3690,-5.09E+01
3692,-5.08E+01
3694,-5.09E+01
3696,-5.10E+01
3698,-5.07E+01
3700,-5.10E+01
3702,-5.08E+01
3704,-5.09E+01
3706,-5.09E+01
3708,-5.09E+01
3710,-5.10E+01
3712,-5.09E+01
3714,-5.11E+01
3716,-5.11E+01
3718,-5.12E+01
3720,-5.12E+01
3722,-5.12E+01
3724,-5.13E+01
3726,-5.12E+01
3728,-5.13E+01
3730,-5.15E+01
3732,-5.13E+01
3734,-5.13E+01
3736,-5.12E+01
3738,-5.14E+01
3740,-5.13E+01
3742,-5.13E+01
3744,-5.14E+01
3746,-5.11E+01
3748,-5.10E+01
3750,-5.11E+01
3752,-5.10E+01
3754,-5.10E+01
3756,-5.09E+01
3758,-5.08E+01
3760,-5.08E+01
3762,-5.06E+01
3764,-5.06E+01
3766,-5.04E+01
3768,-5.06E+01
3770,-5.04E+01
3772,-5.06E+01
3774,-5.05E+01
3776,-5.06E+01
3778,-5.07E+01
3780,-5.05E+01
3782,-5.06E+01
3784,-5.06E+01
3786,-5.06E+01
3788,-5.06E+01
3790,-5.06E+01
3792,-5.07E+01
3794,-5.08E+01
3796,-5.09E+01
3798,-5.09E+01
3800,-5.08E+01
3802,-5.10E+01
3804,-5.09E+01
3806,-5.10E+01
3808,-5.09E+01
3810,-5.10E+01
3812,-5.10E+01
3814,-5.09E+01
3816,-5.10E+01
3818,-5.10E+01
3820,-5.09E+01
3822,-5.09E+01
3824,-5.09E+01
3826,-5.09E+01
3828,-5.10E+01
3830,-5.10E+01
3832,-5.10E+01
3834,-5.09E+01
3836,-5.08E+01
3838,-5.08E+01
3840,-5.06E+01
3842,-5.06E+01
3844,-5.05E+01
3846,-5.06E+01
3848,-5.04E+01
3850,-5.04E+01
3852,-5.03E+01
3854,-5.04E+01
3856,-5.03E+01
3858,-5.03E+01
3860,-5.01E+01
3862,-5.05E+01
3864,-5.04E+01
3866,-5.05E+01
3868,-5.06E+01
3870,-5.05E+01
3872,-5.05E+01
3874,-5.06E+01
3876,-5.07E+01
3878,-5.07E+01
3880,-5.09E+01
3882,-5.09E+01
3884,-5.10E+01
3886,-5.11E+01
3888,-5.11E+01
3890,-5.10E+01
3892,-5.10E+01
3894,-5.11E+01
3896,-5.11E+01
3898,-5.11E+01
3900,-5.12E+01
3902,-5.08E+01
3904,-5.11E+01
3906,-5.11E+01
3908,-5.09E+01
3910,-5.10E+01
3912,-5.11E+01
3914,-5.11E+01
3916,-5.10E+01
3918,-5.10E+01
3920,-5.10E+01
3922,-5.11E+01
3924,-5.10E+01
3926,-5.10E+01
3928,-5.09E+01
3930,-5.09E+01
3932,-5.06E+01
3934,-5.08E+01
3936,-5.08E+01
3938,-5.09E+01
3940,-5.07E+01
3942,-5.09E+01
3944,-5.10E+01
3946,-5.11E+01
3948,-5.10E+01
3950,-5.11E+01
3952,-5.13E+01
3954,-5.12E+01
3956,-5.13E+01
3958,-5.14E+01
3960,-5.15E+01
3962,-5.15E+01
3964,-5.15E+01
3966,-5.16E+01
3968,-5.18E+01
3970,-5.17E+01
3972,-5.18E+01
3974,-5.17E+01
3976,-5.17E+01
3978,-5.18E+01
3980,-5.19E+01
3982,-5.17E+01
3984,-5.16E+01
3986,-5.18E+01
3988,-5.17E+01
3990,-5.15E+01
3992,-5.15E+01
3994,-5.15E+01
3996,-5.13E+01
3998,-5.14E+01
4000,-5.13E+01
4002,-5.12E+01
4004,-5.10E+01
4006,-5.09E+01
4008,-5.08E+01
4010,-5.08E+01
4012,-5.08E+01
4014,-5.06E+01
4016,-5.07E+01
4018,-5.06E+01
4020,-5.08E+01
4022,-5.06E+01
4024,-5.06E+01
4026,-5.06E+01
4028,-5.07E+01
4030,-5.08E+01
4032,-5.10E+01
4034,-5.09E+01
4036,-5.11E+01
4038,-5.12E+01
4040,-5.12E+01
4042,-5.13E+01
4044,-5.14E+01
4046,-5.15E+01
4048,-5.15E+01
4050,-5.16E+01
4052,-5.16E+01
4054,-5.17E+01
4056,-5.18E+01
4058,-5.18E+01
4060,-5.17E+01
4062,-5.19E+01
4064,-5.18E+01
4066,-5.18E+01
4068,-5.19E+01
4070,-5.20E+01
4072,-5.18E+01
4074,-5.18E+01
4076,-5.17E+01
4078,-5.16E+01
4080,-5.14E+01
4082,-5.15E+01
4084,-5.13E+01
4086,-5.13E+01
4088,-5.11E+01
4090,-5.11E+01
4092,-5.09E+01
4094,-5.11E+01
4096,-5.13E+01
4098,-5.06E+01
4100,-5.07E+01
4102,-5.06E+01
4104,-5.08E+01
4106,-5.06E+01
4108,-5.07E+01
4110,-5.07E+01
4112,-5.08E+01
4114,-5.10E+01
4116,-5.09E+01
4118,-5.11E+01
4120,-5.10E+01
4122,-5.14E+01
4124,-5.11E+01
4126,-5.13E+01
4128,-5.17E+01
4130,-5.20E+01
4132,-5.18E+01
4134,-5.20E+01
4136,-5.20E+01
4138,-5.22E+01
4140,-5.21E+01
4142,-5.24E+01
4144,-5.26E+01
4146,-5.21E+01
4148,-5.23E+01
4150,-5.23E+01
4152,-5.24E+01
4154,-5.25E+01
4156,-5.22E+01
4158,-5.22E+01
4160,-5.23E+01
4162,-5.21E+01
4164,-5.23E+01
4166,-5.22E+01
4168,-5.19E+01
4170,-5.23E+01
4172,-5.19E+01
4174,-5.19E+01
4176,-5.20E+01
4178,-5.18E+01
4180,-5.18E+01
4182,-5.19E+01
4184,-5.16E+01
4186,-5.15E+01
4188,-5.14E+01
4190,-5.16E+01
4192,-5.16E+01
4194,-5.15E+01
4196,-5.18E+01
4198,-5.15E+01
4200,-5.17E+01
4202,-5.19E+01
4204,-5.16E+01
4206,-5.19E+01
4208,-5.19E+01
4210,-5.22E+01
4212,-5.21E+01
4214,-5.22E+01
4216,-5.25E+01
4218,-5.23E+01
4220,-5.24E+01
4222,-5.26E+01
4224,-5.28E+01
4226,-5.29E+01
4228,-5.29E+01
4230,-5.29E+01
4232,-5.29E+01
4234,-5.29E+01
4236,-5.30E+01
4238,-5.31E+01
4240,-5.30E+01
4242,-5.29E+01
4244,-5.30E+01
4246,-5.29E+01
4248,-5.31E+01
4250,-5.29E+01
4252,-5.28E+01
4254,-5.28E+01
4256,-5.28E+01
4258,-5.26E+01
4260,-5.26E+01
4262,-5.26E+01
4264,-5.25E+01
4266,-5.26E+01
4268,-5.24E+01
4270,-5.25E+01
4272,-5.23E+01
4274,-5.22E+01
4276,-5.22E+01
4278,-5.22E+01
4280,-5.23E+01
4282,-5.21E+01
4284,-5.22E+01
4286,-5.23E+01
4288,-5.23E+01
4290,-5.21E+01
4292,-5.22E+01
4294,-5.21E+01
4296,-5.21E+01
4298,-5.24E+01
4300,-5.23E+01
4302,-5.22E+01
4304,-5.21E+01
4306,-5.25E+01
4308,-5.23E+01
4310,-5.24E+01
4312,-5.23E+01
4314,-5.26E+01
4316,-5.23E+01
4318,-5.26E+01
4320,-5.25E+01
4322,-5.26E+01
4324,-5.27E+01
4326,-5.27E+01
4328,-5.27E+01
4330,-5.28E+01
4332,-5.28E+01
4334,-5.27E+01
4336,-5.29E+01
4338,-5.27E+01
4340,-5.29E+01
4342,-5.29E+01
4344,-5.28E+01
4346,-5.26E+01
4348,-5.29E+01
4350,-5.27E+01
4352,-5.29E+01
4354,-5.30E+01
4356,-5.31E+01
4358,-5.31E+01
4360,-5.31E+01
4362,-5.32E+01
4364,-5.32E+01
4366,-5.32E+01
4368,-5.32E+01
4370,-5.34E+01
4372,-5.34E+01
4374,-5.35E+01
4376,-5.33E+01
4378,-5.36E+01
4380,-5.35E+01
4382,-5.36E+01
4384,-5.35E+01
4386,-5.37E+01
4388,-5.37E+01
4390,-5.35E+01
4392,-5.38E+01
4394,-5.35E+01
4396,-5.36E+01
4398,-5.35E+01
4400,-5.32E+01
4402,-5.31E+01
4404,-5.31E+01
4406,-5.31E+01
4408,-5.30E+01
4410,-5.29E+01
4412,-5.28E+01
4414,-5.28E+01
4416,-5.24E+01
4418,-5.27E+01
4420,-5.26E+01
4422,-5.26E+01
4424,-5.25E+01
4426,-5.24E+01
4428,-5.25E+01
4430,-5.23E+01
4432,-5.24E+01
4434,-5.23E+01
4436,-5.24E+01
4438,-5.25E+01
4440,-5.25E+01
4442,-5.25E+01
4444,-5.27E+01
4446,-5.28E+01
4448,-5.28E+01
4450,-5.29E+01
4452,-5.30E+01
4454,-5.32E+01
4456,-5.31E+01
4458,-5.33E+01
4460,-5.36E+01
4462,-5.38E+01
4464,-5.37E+01
4466,-5.40E+01
4468,-5.41E+01
4470,-5.41E+01
4472,-5.43E+01
4474,-5.44E+01
4476,-5.43E+01
4478,-5.43E+01
4480,-5.46E+01
4482,-5.45E+01
4484,-5.45E+01
4486,-5.43E+01
4488,-5.43E+01
4490,-5.43E+01
4492,-5.43E+01
4494,-5.44E+01
4496,-5.43E+01
4498,-5.43E+01
4500,-5.40E+01
4502,-5.42E+01
4504,-5.38E+01
4506,-5.41E+01
4508,-5.39E+01
4510,-5.39E+01
4512,-5.37E+01
4514,-5.36E+01
4516,-5.34E+01
4518,-5.35E+01
4520,-5.34E+01
4522,-5.33E+01
4524,-5.31E+01
4526,-5.31E+01
4528,-5.30E+01
4530,-5.30E+01
4532,-5.30E+01
4534,-5.29E+01
4536,-5.28E+01
4538,-5.29E+01
4540,-5.28E+01
4542,-5.26E+01
4544,-5.27E+01
4546,-5.28E+01
4548,-5.28E+01
4550,-5.30E+01
4552,-5.29E+01
4554,-5.30E+01
4556,-5.29E+01
4558,-5.29E+01
4560,-5.33E+01
4562,-5.29E+01
4564,-5.31E+01
4566,-5.33E+01
4568,-5.35E+01
4570,-5.34E+01
4572,-5.34E+01
4574,-5.36E+01
4576,-5.37E+01
4578,-5.36E+01
4580,-5.41E+01
4582,-5.39E+01
4584,-5.40E+01
4586,-5.41E+01
4588,-5.42E+01
4590,-5.42E+01
4592,-5.43E+01
4594,-5.43E+01
4596,-5.43E+01
4598,-5.45E+01
4600,-5.45E+01
4602,-5.45E+01
4604,-5.47E+01
4606,-5.46E+01
4608,-5.51E+01
4610,-5.51E+01
4612,-5.51E+01
4614,-5.49E+01
4616,-5.51E+01
4618,-5.50E+01
4620,-5.52E+01
4622,-5.51E+01
4624,-5.48E+01
4626,-5.50E+01
4628,-5.52E+01
4630,-5.52E+01
4632,-5.48E+01
4634,-5.47E+01
4636,-5.51E+01
4638,-5.49E+01
4640,-5.49E+01
4642,-5.50E+01
4644,-5.49E+01
4646,-5.51E+01
4648,-5.45E+01
4650,-5.46E+01
4652,-5.47E+01
4654,-5.43E+01
4656,-5.42E+01
4658,-5.43E+01
4660,-5.46E+01
4662,-5.44E+01
4664,-5.42E+01
4666,-5.44E+01
4668,-5.41E+01
4670,-5.39E+01
4672,-5.39E+01
4674,-5.38E+01
4676,-5.37E+01
4678,-5.36E+01
4680,-5.39E+01
4682,-5.36E+01
4684,-5.39E+01
4686,-5.37E+01
4688,-5.39E+01
4690,-5.40E+01
4692,-5.40E+01
4694,-5.41E+01
4696,-5.41E+01
4698,-5.42E+01
4700,-5.42E+01
4702,-5.40E+01
4704,-5.43E+01
4706,-5.43E+01
4708,-5.44E+01
4710,-5.47E+01
4712,-5.47E+01
4714,-5.49E+01
4716,-5.48E+01
4718,-5.49E+01
4720,-5.49E+01
4722,-5.50E+01
4724,-5.50E+01
4726,-5.51E+01
4728,-5.53E+01
4730,-5.52E+01
4732,-5.53E+01
4734,-5.53E+01
4736,-5.59E+01
4738,-5.57E+01
4740,-5.59E+01
4742,-5.57E+01
4744,-5.58E+01
4746,-5.59E+01
4748,-5.60E+01
4750,-5.59E+01
4752,-5.60E+01
4754,-5.61E+01
4756,-5.59E+01
4758,-5.59E+01
4760,-5.59E+01
4762,-5.59E+01
4764,-5.59E+01
4766,-5.59E+01
4768,-5.58E+01
4770,-5.59E+01
4772,-5.58E+01
4774,-5.58E+01
4776,-5.57E+01
4778,-5.56E+01
4780,-5.58E+01
4782,-5.55E+01
4784,-5.58E+01
4786,-5.54E+01
4788,-5.55E+01
4790,-5.55E+01
4792,-5.54E+01
4794,-5.51E+01
4796,-5.54E+01
4798,-5.50E+01
4800,-5.53E+01
4802,-5.51E+01
4804,-5.50E+01
4806,-5.49E+01
4808,-5.51E+01
4810,-5.54E+01
4812,-5.50E+01
4814,-5.53E+01
4816,-5.57E+01
4818,-5.57E+01
4820,-5.58E+01
4822,-5.62E+01
4824,-5.63E+01
4826,-5.65E+01
4828,-5.68E+01
4830,-5.68E+01
4832,-5.70E+01
4834,-5.74E+01
4836,-5.74E+01
4838,-5.77E+01
4840,-5.78E+01
4842,-5.84E+01
4844,-5.86E+01
4846,-5.83E+01
4848,-5.85E+01
4850,-5.86E+01
4852,-5.91E+01
4854,-5.90E+01
4856,-5.91E+01
4858,-5.96E+01
4860,-5.97E+01
4862,-5.98E+01
4864,-6.00E+01
4866,-5.99E+01
4868,-5.96E+01
4870,-5.97E+01
4872,-5.98E+01
4874,-6.03E+01
4876,-5.95E+01
4878,-5.99E+01
4880,-6.00E+01
4882,-6.00E+01
4884,-5.97E+01
4886,-5.97E+01
4888,-5.98E+01
4890,-5.96E+01
4892,-5.98E+01
4894,-5.98E+01
4896,-5.97E+01
4898,-5.97E+01
4900,-5.91E+01
4902,-5.93E+01
4904,-5.93E+01
4906,-5.88E+01
4908,-5.91E+01
4910,-5.89E+01
4912,-5.87E+01
4914,-5.85E+01
4916,-5.83E+01
4918,-5.84E+01
4920,-5.84E+01
4922,-5.84E+01
4924,-5.85E+01
4926,-5.85E+01
4928,-5.86E+01
4930,-5.83E+01
4932,-5.84E+01
4934,-5.88E+01
4936,-5.89E+01
4938,-5.87E+01
4940,-5.90E+01
4942,-5.94E+01
4944,-5.92E+01
4946,-5.96E+01
4948,-5.95E+01
4950,-6.01E+01
4952,-6.04E+01
4954,-6.04E+01
4956,-6.05E+01
4958,-6.07E+01
4960,-6.09E+01
4962,-6.09E+01
4964,-6.11E+01
4966,-6.17E+01
4968,-6.20E+01
4970,-6.23E+01
4972,-6.26E+01
4974,-6.30E+01
4976,-6.23E+01
4978,-6.26E+01
4980,-6.28E+01
4982,-6.34E+01
4984,-6.28E+01
4986,-6.38E+01
4988,-6.29E+01
4990,-6.35E+01
4992,-6.38E+01
4994,-6.33E+01
4996,-6.33E+01
4998,-6.38E+01
5000,-6.42E+01
